TE	39673_ACC	39673_DLPFC	39673_HC	39673_V1	39813_ACC	39813_DLPFC	39813_HC	39813_V1	39827_ACC	39827_DLPFC	39827_HC	39827_V1	39988_ACC	39988_DLPFC	39988_HC	39988_V1	40212_ACC	40212_DLPFC	40212_HC	40212_V1	40295_ACC	40295_DLPFC	40295_HC	40295_V1	40302_ACC	40302_DLPFC	40302_HC	40302_V1	40318_ACC	40318_DLPFC	40318_HC	40318_V1	40335_ACC	40335_DLPFC	40335_HC	40335_V1	40360_ACC	40360_DLPFC	40360_HC	40360_V1	40390_ACC	40390_DLPFC	40390_HC	40390_V1	40478_ACC	40478_DLPFC	40478_HC	40478_V1	40482_ACC	40482_DLPFC	40482_HC	40482_V1
rRNA	3718478.16886	1259502.4678	8091057.91886	9153383.32692	4023185.16886	1157389.29219	4278609.54188	3332128.30483	4700261.5325	4653417.79303	4650400.83553	3314159.52393	3080476.00219	588770.252195	2567265.01145	3708837.99435	4533220.10102	857657.002195	3144910.00219	5132624.00219	4458546.69508	9375084.04029	2598179.50883	3926316.24578	3990910.25219	13394596.5323	3909514.0905	11751968.5022	2860840.05795	1266998.07078	4164908.66886	4152132.00219	4485151.00219	5372627.55219	2490389.08553	7554423.50219	7858303.04066	920697.252195	4791987.47839	5776787.20219	3086841.66886	1238003.52347	3726529.50219	8626729.52347	3827892.05219	1229421.83553	4467747.63504	9895567.0895	6092643.55377	1016678.83553	4577937.1945	2227984.70458
TcMar	5015.54211918	3992.78699098	4758.70258238	9056.43681845	4571.17032431	2965.56248117	5029.25365764	7615.39810209	5419.04107023	9388.15212256	5842.54911219	5738.40317364	4431.7612334	2238.8092132	5309.12032431	7117.47840512	5135.73641378	2909.13160377	5210.32619476	4753.57861021	5252.90365764	8610.33590493	5945.11579192	7865.22297964	5518.54533448	8926.46429257	4997.12023274	6627.78699098	4047.12519352	2800.50365764	6381.07402801	6320.04858071	5349.06060209	12704.8792226	4703.52365764	8172.12270526	5450.68884283	3249.45365764	6051.28027112	5788.63160377	4951.9801728	4083.12314294	5129.26391778	7132.60974331	5638.54532431	3128.07508622	5748.00365764	6692.59665971	4891.59532431	3483.03236135	4775.864018	6950.09157431
hAT-Tip100	71312.8459942	30769.4443342	56681.0862605	148083.52479	65736.77285	29852.3324488	53483.1670707	103228.78903	70642.8327959	111078.478025	62582.8796886	79545.711567	61792.518045	22612.9235112	65662.2249021	99541.7264759	70501.9462108	26349.6393844	65903.1037916	61583.6396372	70857.997892	107401.891987	86373.2367688	107353.088178	71219.2311855	114115.540015	66100.8232868	93229.620956	54388.397362	29225.1115218	74100.6791953	87911.9804705	67387.2153708	154990.683935	67846.0401419	103312.408761	71985.8513591	31779.3613546	82877.515512	84143.8757596	57718.2299868	35473.1944978	73994.5752114	89306.7052274	73402.6511516	31614.1549396	73151.8222153	109423.815247	76726.5855669	34675.3677828	63993.5557009	85017.5921271
ERVL-MaLR	461780.242321	234912.874842	368302.188188	1154835.50108	435513.482698	233767.947312	338047.064889	822058.193102	481844.829308	785217.962146	437825.139263	646902.130803	393709.940333	175104.167571	393381.526561	799320.53291	445499.465905	198077.507815	423326.070452	473950.139295	494360.379388	872260.623608	641351.366395	889388.483616	458395.780293	864959.2228	465040.59762	763082.162518	387719.205269	221045.93314	536639.331638	670335.149221	483800.068961	1300132.4021	497896.701982	827792.787828	499082.321316	234463.74557	570823.92583	687820.296707	420804.739553	264350.210923	505536.672056	703281.418463	546726.954696	249072.791329	546321.61712	977055.305792	496647.104955	260977.20182	421733.244496	685343.997528
PIF-Harbinger	99.0014630578	100.501463058	107.001463058	129.001463058	118.001463058	65.0014630578	133.001463058	96.0014630578	58.0014630578	157.501463058	119.001463058	107.501463058	69.0014630578	41.0014630578	95.0014630578	109.001463058	91.0014630578	58.0014630578	115.001463058	69.0014630578	78.0014630578	133.501463058	66.0014630578	139.501463058	93.5014630578	123.501463058	132.001463058	115.001463058	85.0014630578	66.0014630578	114.001463058	107.001463058	102.001463058	213.501463058	91.0014630578	115.001463058	81.5014630578	76.0014630578	106.001463058	77.0014630578	62.0014630578	67.0014630578	100.001463058	95.5014630578	69.5014630578	71.0014630578	118.001463058	82.5014630578	88.5014630578	66.0014630578	144.001463058	127.501463058
ERVL	214226.323218	106714.560985	171862.214289	494852.553637	203997.013887	106914.837164	162349.446296	364624.223571	233330.543358	368222.935262	207224.63559	288530.401509	186877.636427	80431.5258186	180547.775994	355318.961273	207649.564409	88853.3258255	197599.059367	212314.725858	232909.235543	392336.006769	294772.316241	388076.613887	215577.52474	386399.608852	218308.634989	337453.427877	183127.63653	101379.93488	250943.691254	304320.100512	223089.747669	578958.632935	227807.97035	371695.532394	231813.734228	106257.931113	265769.543142	299566.271973	199154.730667	119074.99204	237657.446911	315918.902701	254703.980828	113431.819572	253176.289716	415668.89294	235046.529483	117220.335509	204526.132574	311866.804722
ERVK	52353.8867467	35530.4651545	44605.203932	88707.1481767	48802.217671	35918.9325037	43546.1539634	74097.3245075	56923.7995042	93455.1800943	51667.6165317	61012.3593805	45751.0951932	29450.2363579	45499.0249252	73529.1094563	47918.8018036	31994.4904176	48139.2786426	45309.6983324	52568.3082232	93086.7162809	63318.0279484	81071.934536	59694.5016457	105003.201672	57314.6241507	70282.9983237	44570.015673	33796.2980981	60178.5857752	66353.3769007	52209.4312817	125174.91182	52635.0365938	78003.0614951	49983.1042515	32062.867623	58919.8019037	58217.0888643	46677.2305405	41617.5847815	54760.8960673	65371.2793225	52720.8104241	34094.2444959	57391.9259299	72880.3370266	57200.8701496	40997.0140685	53715.2675109	71246.4101769
hAT-Tip100?	1951.18077405	1059.66023227	1473.61456047	5276.57520312	1676.61664034	966.874514761	1334.01345594	3608.3539758	1831.70840399	3228.88934696	1898.46163223	2836.31116669	1579.1106561	814.335229329	1872.09677562	3513.27514615	1740.30288544	839.081711814	1806.13607384	2157.54151609	2032.02712892	3750.40962462	2799.93081059	4002.33188326	1906.31118609	3905.25051818	1965.99091247	3425.1910602	1601.89020363	870.701430318	2227.55080767	2740.67086094	2034.36098687	5570.77250594	2084.66310745	3638.90127445	2113.95885217	894.734610343	2273.45338295	3082.79969448	1732.04120959	1078.88136525	2063.7541158	3029.31280103	2247.38295895	1046.28138333	2304.83506888	4417.20237965	1975.33364774	1200.71466708	1737.96581408	3073.08020078
Merlin	40.0007315289	46.0007315289	46.0007315289	148.000731529	41.0007315289	28.0007315289	51.0007315289	100.000731529	63.0007315289	103.000731529	31.0007315289	76.0007315289	63.0007315289	45.0007315289	75.0007315289	96.0007315289	48.0007315289	23.0007315289	58.0007315289	69.0007315289	72.0007315289	122.000731529	70.0007315289	108.056287084	35.0007315289	109.000731529	82.0007315289	97.0007315289	33.0007315289	33.0007315289	57.0007315289	82.0840648622	47.0007315289	182.000731529	61.0007315289	109.000731529	48.0007315289	43.0007315289	59.0007315289	90.0007315289	55.0007315289	40.0007315289	52.0007315289	80.0007315289	54.0007315289	43.0007315289	68.0007315289	126.000731529	52.0007315289	43.0007315289	53.0007315289	92.0007315289
Unknown	9986.67179514	6493.72564426	7712.1798767	16115.2983468	9368.59157736	6091.7239901	8145.86028358	13439.9616751	10615.7760379	15755.1204665	8439.13561372	10394.6973122	9405.77631597	4703.50263971	8117.78682401	12328.8021999	9614.63252484	5655.67944561	8533.17569046	8255.00252174	10543.0803687	17220.6763818	11793.670675	13909.6344202	10521.6320842	16975.9029079	9381.61041719	12060.4666967	8630.45438307	5897.55656889	10793.6517472	11283.1199362	10893.5272762	23266.2375184	10248.8866955	13896.8063336	10876.96516	6656.47332426	11366.4427249	11213.7540718	9749.09441334	7658.29856395	10213.7900664	11992.0759798	11220.0129028	5618.20452736	10768.0698794	13926.3788106	10891.5246563	6762.00423459	10060.0773118	10949.2162592
hAT-Charlie	433179.28693	253743.829226	359304.037708	821056.57813	401681.286488	254268.061503	352432.061753	660025.015112	450283.566807	710298.004744	426622.772562	540705.076223	389875.033701	191949.972671	378098.44329	637167.686066	421696.082394	223424.513542	395215.756579	409104.138668	449461.232364	748493.212528	550744.875008	698258.50141	445076.670308	743434.087632	425646.86611	611497.732307	354549.08948	244298.486917	493962.906464	563314.740259	457816.004578	1053933.38364	447574.138727	674205.698118	453423.428403	251291.687066	529955.445765	579663.725215	391004.193197	287798.446572	463063.351237	571320.217146	472558.442292	263820.265888	478933.929484	710409.25965	463173.773069	275943.766567	402370.572693	573913.943038
MIR	937176.879921	525402.1958	800894.579783	1782247.46608	884847.944954	507120.829451	757067.344762	1398957.34592	989627.97363	1547204.8341	898606.508707	1116141.99527	811670.094272	386677.637842	788631.524548	1364942.05351	910381.340394	443259.225258	850140.990344	864003.666353	960606.141702	1581884.40952	1205814.28039	1460288.40072	950324.028102	1572103.08176	923794.674458	1279997.5206	759091.074321	490344.696968	1062408.44387	1202943.02106	969078.585446	2261127.15509	973479.621325	1446168.76931	991014.144967	530913.487658	1174370.30243	1173516.9986	840559.855701	589830.796754	1008003.76828	1241251.22365	1043806.99863	527041.461356	1069882.21335	1511544.54633	1013946.68831	557404.33781	886750.794332	1196695.24108
Kolobok	325.500731529	102.000731529	229.000731529	889.500731529	303.000731529	133.000731529	273.000731529	584.334064862	288.195969624	545.334064862	315.042398196	516.000731529	235.000731529	123.000731529	247.000731529	589.000731529	351.000731529	119.000731529	336.000731529	351.000731529	377.000731529	609.125731529	458.000731529	631.000731529	317.000731529	604.000731529	343.000731529	568.500731529	304.000731529	123.000731529	390.000731529	499.500731529	322.000731529	764.500731529	373.000731529	643.000731529	345.000731529	90.0007315289	440.000731529	590.834064862	285.000731529	150.000731529	350.000731529	421.000731529	352.000731529	119.000731529	380.000731529	703.500731529	354.000731529	119.000731529	278.000731529	456.000731529
5S-Deu-L2	7361.74081598	4111.06991651	5872.40545139	9651.30090284	6863.16417237	3868.09625998	7729.03416378	9740.08617654	7728.10052529	10978.5847424	10773.8328489	8433.69391242	7229.22547652	2812.29055837	9440.01908954	10202.5025533	7581.59469978	3156.6760673	8674.2360095	6141.17876183	7797.5623025	11086.4374037	9403.52631436	9305.05950365	7747.6878045	10729.2062049	8469.93018998	9411.55906486	6067.29827979	3664.49378015	10188.6069371	8688.63016917	7874.65630512	16001.7517697	8452.05319891	10768.82863	7686.25234049	4004.63226748	9904.88190036	8025.58337296	6754.74618546	4387.40492074	9089.39619528	8962.80261147	7957.33406486	3600.13261762	8851.82249243	8562.55781334	8310.93507991	3816.31032749	8199.32071571	7767.78669644
snRNA	21068.0114721	2150.362971	42346.9318626	21462.8490274	16138.2060769	2305.02280708	21589.7845514	29818.9438268	16602.9244133	14167.7493156	16738.2077696	39688.8122845	12220.7294584	1780.29837462	23742.1635403	48465.8669978	19136.0100959	1907.09413871	22443.7529906	14611.5877745	14870.5482951	40619.2677586	48748.7885535	33966.3107632	17018.0598527	27586.5030708	26641.6395129	36086.5837445	13873.8111296	2192.19257876	31065.4518799	40731.4995593	13533.9862527	33282.7165307	28527.9377408	32094.929749	12088.0884116	2169.52097367	29175.6645684	57387.0929784	17026.693674	2461.51889739	20351.9228758	25713.4601598	15596.2494573	2393.09743403	41557.5126672	29442.6393925	21874.3488272	2556.3531795	23169.3547466	27750.4289448
RTE-BovB	39720.8594586	19646.9017759	34788.9433885	43297.8912975	37315.4524525	20047.2569026	34784.2656915	43605.9449284	42059.4371542	52931.0012233	35734.684696	36629.5862699	37909.4466638	13596.0910286	34462.8224646	43037.1298864	38479.3735795	16726.5354651	33489.2397629	29381.3561496	37361.820086	56137.7542443	44531.9519075	43882.0037741	41048.600143	53340.1334714	35938.2145006	38627.5319859	33066.89793	19225.1343605	41410.1940464	41337.4579068	37723.8672192	69881.3068209	37184.3106765	49047.598457	39958.3729828	22145.4828668	44624.9253434	38650.9565522	36961.6929135	22426.0666158	36703.5092358	41764.1954477	38613.8483166	19767.0958488	38685.704601	36271.6895663	44964.5971279	20255.6687835	38517.9360771	37610.7908751
Satellite	4586.082338	5036.1031427	4109.5073074	5781.82703759	4056.16881634	4090.94344751	3395.09524655	5192.25596921	5344.63751104	9375.00769923	4541.9167968	4221.19518328	4461.48377979	6058.29742266	3535.85815768	5288.91879862	5463.80931256	5676.3560879	3965.66269769	3773.09576088	4391.85441106	10195.7190366	5332.00431396	5443.46161357	5055.00683126	10407.2906952	4540.3388215	4835.67820261	3522.35723679	5359.06281016	4903.69478462	4892.99555991	4170.01399304	8667.52906485	3970.09150798	6691.3564546	4606.36246899	5996.41700071	5166.63831406	3956.82171264	4536.36496238	7392.96787692	4953.3472413	5519.47542394	3926.20259416	4636.47670285	4643.35853321	4174.5724103	5678.48352715	6268.19852937	4482.57259324	5210.94002785
hAT?	4461.13240545	4399.3176818	3979.69218871	6355.6986175	4315.08845404	4563.57178737	3644.03453247	5646.04678737	4823.5051207	8259.74272919	4080.53369213	4516.0051207	4242.5051207	3201.02398863	2618.33845404	5264.54083499	4729.07178737	4140.6676207	3235.83845404	3963.0051207	4982.60095404	8712.49375707	5291.33845404	5265.29678737	4703.38961628	8457.5251207	3434.28204378	5057.21178737	3644.27837652	4284.5051207	4855.0051207	5229.5051207	4432.78845404	9604.95671862	3796.72907073	6406.28127013	4795.4556109	5182.48845404	4914.77957578	4333.48279927	4387.33845404	5222.22828088	3718.5051207	5573.0051207	4460.57654927	4239.0051207	3920.0051207	5169.53845404	5026.60611465	4176.56923524	3534.92190258	3686.88909506
Gypsy	54219.8250735	34636.3035849	48026.8260203	48070.0240687	51234.8408221	37033.7954281	46018.8277936	53016.3840093	56286.8842694	74532.3931442	42376.9536177	40552.33708	54317.7574888	26752.8588588	32712.6047332	50172.1430644	55096.0532418	32800.2483679	36466.9631054	37318.6838125	51372.1011374	81749.5190189	58548.6936945	43622.5305879	57808.602984	75745.4988444	44471.8628238	43978.0355511	44594.0972324	40764.9706201	51701.5426343	54387.2141497	51502.7308108	83854.0651471	45609.3799309	63380.3661904	57444.4400895	42533.7084092	57938.6873936	38059.6770733	49679.3448514	43859.6653667	46682.3905671	54639.1935895	54281.2574888	31684.5746843	51430.9273261	38749.7435651	64782.6198631	34258.1168128	50033.7877428	30049.8486138
Helitron?	1814.00073153	273.000731529	1388.00073153	1576.09164062	1508.00073153	309.200731529	1658.50073153	1997.75073153	1407.00073153	1431.00073153	1511.68455506	1548.23882677	1587.50073153	196.000731529	1851.00073153	1588.30415033	1670.36263629	315.000731529	1617.50073153	1178.02454105	1473.50073153	1619.33406486	1924.7513683	1595.50073153	1624.02637255	1644.82765461	1612.00073153	1474.11586311	1150.00073153	331.000731529	1770.03103456	1889.50073153	1782.50073153	2217.00073153	1964.51768068	1991.57180996	1416.78298959	306.000731529	1836.50073153	1800.07646785	1331.00073153	295.000731529	1579.02295375	1632.52637255	1460.13219705	395.000731529	1859.75073153	1369.77432421	1820.6441007	336.000731529	1839.05628708	1209.08267133
TcMar-Pogo	33.0007315289	2.0007315289	13.0007315289	85.0007315289	26.0007315289	3.0007315289	17.0007315289	64.0007315289	19.0007315289	32.0007315289	16.0007315289	35.0007315289	25.0007315289	0.000731528895391	17.0007315289	42.0007315289	15.0007315289	2.0007315289	20.0007315289	25.0007315289	23.0007315289	47.0007315289	43.0007315289	44.0007315289	19.0007315289	25.0007315289	10.0007315289	37.0007315289	19.0007315289	2.0007315289	28.0007315289	45.0007315289	21.0007315289	73.0007315289	22.0007315289	43.0007315289	13.0007315289	0.000731528895391	33.0007315289	58.0007315289	24.0007315289	1.0007315289	10.0007315289	36.0007315289	29.0007315289	1.0007315289	19.0007315289	74.0007315289	22.0007315289	2.0007315289	19.0007315289	33.0007315289
scRNA	6808.44976527	14593.4195548	5648.66984661	5446.94418476	4560.01281944	11234.0368357	5139.69297422	6152.92595492	5004.41531545	9757.01993501	5118.36654331	5727.23808929	5559.39635075	10257.2836544	5545.72905417	6443.08350088	6056.58929754	10857.2161097	5675.89461332	3760.21926309	4608.06714317	15170.9564137	8253.23578998	7016.06059288	5670.17744663	29032.6699884	6609.120504	5747.75499727	5678.62353944	17914.0812604	8694.30656603	5925.20683953	5146.12932711	9410.55136611	6717.6039009	7757.22023718	4322.37786399	7703.16674338	7058.75308497	8377.38327678	5221.02498654	6810.25415789	6154.08190091	6103.50794015	3995.77349098	16433.158572	7662.18320198	5464.62526664	6585.21458529	11091.5671021	6760.7752101	5894.12316743
L1-Tx1	518.500731529	256.000731529	524.667398196	784.000731529	579.000731529	250.000731529	520.500731529	545.334064862	555.000731529	764.000731529	474.000731529	593.000731529	523.334064862	194.000731529	385.334064862	594.334064862	593.000731529	224.000731529	431.000731529	539.000731529	462.334064862	663.834064862	642.334064862	888.334064862	532.334064862	770.000731529	473.834064862	567.000731529	470.000731529	227.500731529	670.334064862	740.667398196	507.000731529	829.667398196	422.334064862	802.334064862	566.000731529	294.000731529	677.334064862	532.334064862	513.000731529	250.000731529	517.000731529	728.334064862	486.334064862	218.000731529	537.667398196	615.334064862	700.334064862	249.500731529	473.000731529	787.000731529
DNA?	9392.62048281	5889.08298281	7378.10381614	11929.6777233	8397.52048281	6023.02048281	8173.02048281	12090.0204828	9476.64548281	14228.9136376	9596.52048281	9686.80386193	9081.12048281	4278.49667329	9397.02048281	11316.9371495	9317.55894435	5325.52048281	8131.54373862	7735.06396107	9895.09740589	14900.5386012	10790.0919114	11546.5204828	10033.5681019	14670.5909374	8701.12048281	11117.9020159	7398.09740589	5597.02048281	10269.7948731	10576.0871495	10167.5204828	18636.5575198	8754.1080249	12319.9093717	9599.13159392	5886.54487305	10894.5204828	10066.0793063	8653.69323922	6933.774106	9471.52048281	10475.0498946	9983.34270503	5247.02048281	8541.08203584	10066.2982606	10164.5461238	6267.02048281	8516.52048281	9541.02048281
TcMar-Mariner	27959.900084	16219.6188515	22409.949822	44980.9493879	24666.3677258	15400.9070809	23951.5050909	38695.1331895	27135.8011797	42342.2734514	26442.1828364	31165.9615754	25303.2947961	12050.2318869	24740.7575831	36722.2354467	26144.3970705	13387.6568934	24886.8169807	23997.8127222	27770.9674236	45865.7859795	33895.3079583	40104.68773	28214.436571	43596.7106907	27878.7733116	34832.8422695	22379.9643044	14785.4733911	30451.5400204	32836.2612274	29276.8482732	62320.6438471	28786.3620256	38636.7078423	27076.0568444	15168.7990753	32603.7751956	33345.0956254	24496.2885573	17620.8357061	28866.4817445	32627.8232004	27870.8044174	14916.3776452	29835.4468036	38950.7349627	27890.7510198	16772.0018844	26889.1401021	33018.2597596
centr	3296.14001108	1479.93721288	3089.19198958	3170.76413528	2706.07743218	1342.90691325	2887.24009458	3098.61768082	3222.62364459	4664.4493264	3149.02303786	3140.88130323	3027.71606723	1196.59833484	2591.45488895	3136.04822767	3079.98121581	1233.18047991	2790.78416624	2143.10932087	2749.65762971	3925.1712079	3211.05185638	4664.94722266	3058.19957814	4267.32233201	3087.13625308	4001.87225958	1943.23338031	1213.72529741	2979.17401474	3018.38094973	3173.7134533	6095.97587598	3392.39636014	3597.51553783	2763.4151598	1308.58708612	3569.08967832	2612.77557162	2599.69253086	1521.77940072	3218.01011073	3180.11041689	2708.65735782	1348.17187658	3591.15311985	2416.76095777	3548.00943594	1854.60976591	3439.32123422	5237.54056327
Jockey	296.500731529	266.500731529	335.000731529	547.667398196	341.834064862	274.834064862	319.334064862	475.167398196	504.834064862	653.000731529	419.167398196	404.834064862	356.500731529	190.500731529	317.667398196	505.000731529	395.000731529	227.334064862	270.000731529	333.000731529	407.667398196	679.500731529	401.667398196	541.167398196	477.334064862	696.834064862	349.667398196	463.334064862	380.500731529	214.000731529	418.334064862	450.000731529	434.000731529	971.334064862	361.334064862	510.667398196	451.000731529	290.500731529	433.334064862	453.000731529	407.834064862	315.834064862	431.000731529	423.167398196	454.667398196	167.000731529	336.667398196	499.167398196	481.834064862	270.000731529	344.834064862	396.667398196
acro	2.0007315289	0.000731528895391	0.000731528895391	2.0007315289	2.0007315289	0.000731528895391	1.0007315289	0.000731528895391	2.0007315289	5.0007315289	0.000731528895391	0.000731528895391	2.0007315289	0.000731528895391	0.000731528895391	1.0007315289	0.000731528895391	1.0007315289	5.0007315289	0.000731528895391	2.0007315289	0.000731528895391	0.000731528895391	0.000731528895391	0.000731528895391	6.0007315289	0.000731528895391	0.000731528895391	0.000731528895391	0.000731528895391	0.000731528895391	3.0007315289	0.000731528895391	0.000731528895391	0.000731528895391	0.000731528895391	0.000731528895391	3.0007315289	0.000731528895391	4.0007315289	0.000731528895391	2.0007315289	1.0007315289	2.0007315289	0.000731528895391	2.0007315289	0.000731528895391	0.000731528895391	1.0007315289	3.0007315289	0.000731528895391	0.000731528895391
telo	232.001463058	181.501463058	245.001463058	580.334796391	128.501463058	110.001463058	150.501463058	281.334796391	222.168129724	508.959796391	127.668129724	210.834796391	187.501463058	133.334796391	167.501463058	287.001463058	151.834796391	450.334796391	145.001463058	140.001463058	220.001463058	474.334796391	272.001463058	375.001463058	192.501463058	388.001463058	212.168129724	273.501463058	141.501463058	132.501463058	201.501463058	220.001463058	186.001463058	440.834796391	197.501463058	308.834796391	209.001463058	119.001463058	198.054130636	238.501463058	190.501463058	147.001463058	197.501463058	213.411719468	203.334796391	168.001463058	234.501463058	302.501463058	259.834796391	709.770629724	246.001463058	324.501463058
LTR	5989.96141911	2699.56038981	4395.67196879	15266.3641006	5250.26188942	2514.76574804	4078.03764822	10897.0314467	5943.89712862	9499.01244671	5271.69790197	8453.59526476	4865.32405947	1733.43585308	5081.18742281	10106.4667161	5965.76473008	2423.96730116	5528.14336791	6077.41383977	6903.71808707	11074.3429715	8358.3127488	11982.8861552	6121.96845883	11053.4713164	6035.23017941	10218.5352226	4728.56690611	2431.18363528	6368.70721071	8493.30291085	6524.7269537	17654.4735458	6558.06086312	10438.085554	6652.93173703	2558.02752052	7463.40667077	9870.11807224	5397.66107894	2656.01956192	6308.55186064	8726.58491175	7596.66451588	2860.58335319	6902.88937656	13407.9517629	6675.74014864	2950.82194981	5459.67380668	8965.88536412
DNA	12307.4623358	16285.9393981	10150.1703152	19786.6718597	11585.5206692	15442.9822289	10129.1016216	17207.3130161	13519.5420977	27634.8554026	10567.0861615	14153.4890485	11536.8516216	10938.0823368	9968.10162156	16439.600432	12446.4551519	12604.1164162	9446.01294634	11038.1849549	13777.6849549	30234.2876015	14731.9479891	15825.9037351	13662.8516216	25838.0262969	11173.1300618	15609.4946236	10399.3887428	14774.5290899	12993.3238438	15539.9182882	13919.1432882	29838.2763498	11510.7953152	17274.2776551	13591.7099549	15056.6856265	14227.8575739	14565.7337644	11969.6125042	19180.995539	11903.12038	15121.7304405	14945.6647529	12252.2171196	11976.766488	16751.2405582	13883.1516216	15724.2381724	11106.8682882	11546.5765805
hAT-Ac	20437.350807	10207.9381347	17781.4259254	21573.0110819	19570.3799202	10206.2365888	19082.4571474	22979.8423956	21272.5480318	28332.4935788	19363.6552247	19161.5675224	19508.1318579	7096.54945122	20369.2736122	22490.14121	20091.2664874	8504.35734433	19542.5143047	15598.1268599	19958.3866793	30556.6955136	24011.4102455	24606.5336969	22226.4906162	27894.8383029	20613.9505466	19779.9035184	16988.586918	9479.15324205	23813.2807354	22086.4091555	21025.7702183	38815.8252001	19736.7680258	26341.0056863	20837.5974591	10589.0249185	24138.609417	19617.1775966	18648.1002981	11422.6803829	21581.021213	21983.8147718	19633.7756101	9149.07030319	21332.8014575	18431.3089662	22454.9944231	10446.8449391	22099.912631	23424.9818759
L1	1383300.86683	794075.564839	1089112.54119	4142666.62	1273871.86946	810082.329942	1043480.30718	2710559.91239	1430948.32626	2406746.53313	1389168.51323	2029643.35728	1197108.81543	663042.754598	1231408.0828	2449828.03016	1327754.60303	721221.958336	1324907.56026	1501925.54162	1556808.21715	2777536.48377	1919155.53706	2964738.80072	1390953.74505	2949706.15675	1440880.35887	2538461.55836	1161433.64291	757461.047155	1596697.19196	2017814.79422	1562418.65379	4134694.20436	1565645.45697	2510074.20674	1545092.68524	758138.556082	1752806.54105	2214319.72302	1306995.82543	916661.762149	1578464.09058	2161713.49375	1610414.75797	908770.811104	1648901.36477	3295235.10843	1441788.86014	980560.510843	1280234.96797	2176287.2452
PiggyBac	4034.48591571	2324.85782252	3168.76000685	7195.01941229	3288.6137642	2354.74232757	3411.56476876	5919.14240776	3898.15365764	6260.41186073	4659.42939025	5170.28515274	3576.95954283	1812.17032431	3700.06556241	6192.20032753	3607.07307563	2049.13374537	4035.84083713	3473.34596534	3906.93935486	6448.39707486	5090.73482648	6177.87946946	3965.28525164	6628.57693389	4557.9716659	5838.54713591	2905.40258238	2096.57847605	4709.37032431	4905.96012206	3950.15323029	9507.49717072	4616.18787837	5517.60925989	3965.92355182	2296.53222907	5045.6104749	5622.04827823	2941.18918683	2064.69970818	4038.94430979	4722.49543742	3940.23305158	2332.12563781	4560.81373944	6562.98289045	3903.70831451	2499.94810209	3933.02490764	4724.37384792
SVA	1594.6673982	916.227654606	1519.33406486	1357.33406486	1462.00073153	726.258307286	1343.33406486	1220.1673982	1856.6673982	2538.04517597	1527.1673982	1092.05955506	1342.50073153	511.834064862	1527.83406486	1223.83406486	1588.00073153	596.584064862	1705.27850931	999.667398196	1331.6673982	1727.25830729	1726.2073982	1217.76585379	1601.04618607	2202.55906486	2031.20073153	1064.35679213	1393.75073153	697.710876456	1863.83406486	1294.73443116	1441.6673982	2320.9173982	1653.50073153	1590.33406486	1461.1673982	894.064367893	1938.28644581	758.36184264	1363.02930296	940.084064862	2107.00073153	1459.33406486	1813.00073153	768.500731529	2180.45906486	999.548350577	2046.3024292	960.584064862	2435.3673982	1139.50073153
TcMar-Tc2	15462.3583733	10051.7950568	13015.5658313	27724.1562993	14884.8330557	10171.9171784	13079.6724689	26434.1135269	15843.4856268	25153.5336768	14615.9013739	20113.0358798	15199.0949634	8031.42697984	14040.3219214	24414.8302586	15878.8444446	8867.29265177	13508.0162667	16334.7928244	16187.6271709	28547.1175088	20614.5569381	25556.7905521	17142.0121662	27933.8046544	15049.0057325	23357.269863	12587.0210585	9581.28639531	16996.3430987	21578.6090029	17184.9457756	37516.2195952	16416.8908103	27028.5262193	16513.5457224	10634.1436453	19036.4183958	23108.3163644	15967.641695	11674.9176395	16254.3335635	23365.5588557	16425.9246043	9544.75852124	16804.0500193	24268.4024274	17750.6110505	11335.6259841	13972.519794	18711.8011566
RTE-X	21243.3799247	12506.3667956	17927.4814157	55164.6464502	20133.9996853	12988.4761235	17326.7065963	40760.9925722	22309.4134905	39486.656893	22750.2789944	32601.3401235	18757.7495643	10131.8567101	21875.3677842	38952.894211	20646.3777803	11444.5758679	21540.096224	23597.5270233	23900.2921389	43241.6351714	30280.3449991	43358.1522111	21840.0722553	43528.7326497	22512.3078739	38504.8483434	17760.0096417	11783.5900551	25892.2371988	32147.5756655	23694.6622207	63666.5054337	24441.8111172	39111.4519542	23460.3084179	12990.5399966	27623.8350702	35356.7364908	19871.0636502	15720.9322674	24389.4521377	33191.8554749	25555.7064729	13153.9401475	25824.5719282	48486.6952906	22815.3080878	14824.7758808	19829.4798104	35201.1481435
TcMar-Tc1	6705.35292612	2867.61959278	6364.39841484	3954.21125945	6231.39578326	3034.35122869	8736.50292612	6022.43625945	7906.96125945	7786.92911659	5936.08625945	4129.41318253	6214.98506897	2009.72565339	7524.72514834	4923.34578326	6277.11959278	2892.00292612	7031.53518418	4395.02127345	6585.53625945	7508.51086262	6905.15395971	6754.12197373	7546.25292612	7492.51959278	7318.441815	4414.99459278	6456.41959278	3438.89662359	7872.35988264	5949.70292612	6863.95270718	9629.6828203	8766.70292612	6451.78606104	6544.95292612	3367.25689437	7739.56257524	3685.95544334	6219.00292612	3818.58625945	7189.78233788	5715.90768802	6510.16959278	3407.65292612	8918.75292612	3215.08363707	7695.73625945	3600.94737056	10455.9612594	7920.28010972
L2	779580.56904	508757.922539	681806.646579	1903930.92634	736363.187191	517958.093675	613470.613167	1346017.25185	845087.174437	1434091.92619	799224.897481	1074075.9448	667874.17036	448549.479196	681179.698434	1372260.62203	749016.32225	475932.598509	759516.306034	810712.817978	829329.31398	1576941.85598	1089539.15374	1526726.49518	776672.581054	1617021.79501	815396.375924	1303861.45001	660120.324626	522027.567308	925051.453378	1128061.19578	814303.910027	2114959.19085	857356.371825	1426125.31374	858770.47853	526295.369654	1011063.58991	1100242.81277	727389.238792	616804.842553	880629.212983	1224823.25581	884795.039616	573636.892006	978087.989525	1576227.455	853059.709032	620629.237147	730742.839738	1221185.8555
ERVL?	6012.92032431	2736.76318145	4444.58058072	12603.7778677	5376.07096534	2829.62379653	4693.25159415	9765.63976876	5816.8910526	9307.37244513	5250.57545252	7556.05595923	4995.11446216	2023.44413383	5108.33699098	9178.30792703	5659.95747417	2228.38995265	5052.3796094	5567.5841262	5895.90841955	9560.86739391	7476.6100771	9849.89685056	5560.32865764	9602.06696174	5644.9307126	8713.30495179	4649.04590503	2670.47984812	6612.15012229	8036.55906566	5823.00231518	14701.0405051	6123.53845618	9727.17049681	5965.56120375	2725.23596534	7307.60384089	8616.324021	5036.38735728	2914.48699098	6137.46556241	7690.09011598	6119.29476876	3046.60999249	6762.92790007	10437.2540803	6196.62251194	2998.35365764	5353.08590873	8232.88761345
Dong-R4	2838.29979619	780.180704245	2338.5680716	3114.94183015	2457.52850931	796.524541053	2339.04034738	3301.69817342	2652.03521429	3022.17221434	2342.01160109	2406.5402251	2636.06340959	551.018047871	2173.02033937	2716.02148422	2496.5980232	690.019336583	2060.08085575	2072.05946169	2401.00073153	3059.90894276	3063.12357242	2920.74527624	2895.83406486	3365.90289706	2325.08071499	2588.05388942	2124.02850931	686.123968828	2780.17574492	2761.09883481	2788.04835058	4247.18726425	2588.55270658	3047.08776857	2831.58919307	866.043807487	2852.67057333	2429.26016546	2559.04722276	811.015764209	2548.51323153	2694.24252631	2671.63406486	894.010165491	2582.61285274	2459.02126948	2872.00073153	889.000731529	2572.51338976	2333.53521429
tRNA-Deu	1941.50073153	2259.00073153	1899.00073153	2178.00073153	1780.50073153	2529.00073153	1606.00073153	2114.00073153	2160.00073153	4130.00073153	1743.00073153	1739.00073153	1602.00073153	1824.50073153	1403.00073153	2054.50073153	1863.50073153	2106.00073153	1591.00073153	1474.50073153	1794.50073153	3957.10073153	2087.00073153	1943.05073153	1965.07919307	3911.1673982	1610.00073153	1715.36184264	1408.00073153	3039.0721601	1932.00073153	2138.09164062	1878.70073153	3753.50073153	1773.50073153	2522.33406486	1870.50073153	2958.50073153	2249.50073153	1709.25073153	1787.00073153	2935.03776857	1871.33406486	2120.50073153	2023.50073153	2274.00073153	1827.13406486	1801.95906486	2305.50073153	2720.00073153	1813.00073153	1674.12573153
srpRNA	4018221.78263	15284.0893904	2515610.68336	2123604.47526	3801734.70278	15315.5343686	3512993.92641	2850836.58652	2764072.50914	2251232.6954	2743217.83675	3079400.99518	3475842.64162	4040.32134114	3401201.34137	2942371.38975	3623140.18351	11790.1304235	3407605.46997	1654838.56004	2834160.49461	5251072.64219	4277329.70266	2797482.12169	3409873.05822	2677282.32419	4040385.1827	2123238.5268	2674522.33901	17880.3817548	3882356.33421	2939997.80901	2905608.17377	4339460.51177	3605789.87791	3757684.16579	3153997.63681	13616.3698495	3889428.2457	5380481.18882	3007009.02709	14474.8498134	3925163.04674	3046993.85493	2884015.58498	21390.865782	4504962.40742	2791365.40354	4300141.87444	15260.4881582	4646051.41258	2752421.68872
hAT-Blackjack	23523.4896424	14827.8514129	18884.8181278	43629.2508319	22184.1418581	15109.9462639	18925.2668297	35551.8333257	24779.7880532	39165.6528354	22484.3126129	28653.3870742	21340.9057371	11018.8040491	20902.7776077	33157.2753863	22779.5681398	13234.6906295	21139.6953165	22146.6046217	24732.1375339	42812.3308502	30512.3690347	36209.7429758	24095.9101237	41134.9090255	22061.7987229	31988.2398998	19167.7220598	13457.6480177	26135.607183	30069.7651743	24266.4702581	57148.3078828	23520.0864284	36842.6613323	24682.0015226	15157.7635351	28460.0131764	30617.5170481	22644.5293806	17348.8132808	24427.6060981	31261.5136839	26464.7119563	14206.8136203	24895.431152	36781.6034674	25474.175432	16603.5434662	21887.972303	28842.0452926
CR1	123608.902043	74191.4128639	103235.729957	256130.484038	115999.29936	73256.1946475	100838.440437	197764.556698	131591.218187	209758.436063	122751.384553	156656.610921	110834.750349	54863.7671346	108089.783147	189803.434463	121633.445844	63357.6527906	114908.784	118735.165829	131997.522028	221011.040023	162547.484689	208707.413295	127792.36518	222312.944957	123842.307155	183795.897938	104208.290096	68779.4486911	142678.82102	164921.741396	132789.754342	315505.122748	130677.450262	200563.662194	131182.353573	72679.1767645	154047.617502	162255.246444	116130.71348	83248.6974215	134769.826956	170541.146926	141592.195699	74972.0654446	140623.973201	214634.62144	134373.432665	81064.933351	117809.637427	167048.993377
PiggyBac?	218.000731529	63.0007315289	169.000731529	624.000731529	199.000731529	69.0007315289	167.000731529	377.000731529	217.000731529	348.000731529	234.000731529	268.500731529	216.000731529	60.0007315289	254.000731529	389.000731529	225.000731529	72.0007315289	228.000731529	196.000731529	321.000731529	407.048350577	320.000731529	402.000731529	237.000731529	417.027758556	283.000731529	400.000731529	204.000731529	56.0007315289	263.200731529	297.000731529	278.000731529	783.500731529	387.027047318	355.000731529	311.000731529	73.0007315289	344.000731529	320.000731529	225.000731529	89.0007315289	356.000731529	339.034064862	327.000731529	107.000731529	369.000731529	536.000731529	272.000731529	138.000731529	275.000731529	293.500731529
Gypsy?	4527.46671151	2829.56746795	3510.23339931	12250.2217226	4416.17666892	2835.16977123	3315.1540576	8583.9166169	5193.88487344	8768.11643856	4486.78300035	6365.91129088	3837.15419624	2355.97800079	3715.26420469	8055.77028819	4512.16968118	2597.65841603	4136.02485859	4955.60651165	5178.82384139	9602.20119611	6665.85031998	9244.95061902	4824.75407141	9574.38351657	4725.48674855	7963.71007335	4004.75318807	2772.86693101	5584.80359647	7072.19564442	5206.23607618	14011.0635049	5040.33355816	8356.69811963	5418.77000568	3053.91535885	5855.99004468	6867.54134192	4715.8441349	3597.49756985	5106.34512219	7112.2960857	5872.40944171	2646.13934124	5449.5686303	9967.61847852	5305.36973817	3650.1224576	4460.79953174	6427.89085602
MULE-MuDR	3618.42517867	2092.38636447	3143.11661261	5694.96717553	3423.37849958	2178.90564653	3166.96130828	4656.36392434	3803.75852474	5297.03099786	2879.4744157	3751.4881925	3324.05353122	1662.03625241	2736.14395652	4399.08907506	3455.37016853	2139.20583814	2788.17895731	3192.18696177	3594.45969974	6387.17906438	4281.12292872	6287.96827003	4046.33876833	6369.30421675	3699.92642074	4188.24555364	3009.2279602	2119.45979655	3627.05836481	4079.69911915	3852.1877532	8467.92584601	3936.71439723	4919.0708755	3929.582948	2314.62249417	4423.60469386	3906.25151453	3617.74556883	2754.28858686	3990.34596966	4346.61905575	4002.17510209	2480.62452114	3833.82479809	4605.1332444	3885.93801002	2381.07124471	3553.86820916	6529.01161825
TcMar-Tigger	279863.933518	147544.773151	224269.859512	594251.94142	259333.629417	150342.126395	228583.265768	466694.825095	286370.939527	451182.893553	277621.408812	371210.334219	248303.137305	110127.13081	253960.606151	442342.296304	272331.537223	128696.754579	259746.141503	276603.891442	297322.517147	488529.869733	364771.896551	489016.969271	287831.20503	484850.633316	281940.765656	433809.20376	229659.213206	136447.093527	322040.567693	373790.19228	302765.577572	730798.879662	298996.218575	457532.757408	293182.658115	140628.069199	344450.204807	412476.826289	257901.725375	163269.32771	303794.945437	389308.836524	309185.45855	157436.442199	317810.431167	511589.625854	294977.261228	161346.312547	259569.536032	397177.657065
tRNA	20206.7968178	47268.4570743	19981.772308	19461.417287	18034.7534845	23601.9634845	19491.2313006	30142.3266158	40414.8134845	116940.713485	36286.7968178	19566.5468178	26002.5134845	42315.2134845	21819.6718178	19316.5468178	37446.2731336	37254.8195451	38273.0468178	26188.4718178	46339.8572266	140445.405375	45099.019185	26269.7649997	14159.3801512	47047.8718178	13678.6788972	17094.8874092	31172.2551512	90553.3134845	41008.2134845	35878.9146339	43541.2235855	64654.787717	40251.2023038	43367.5131292	21620.0230083	32068.5468178	21000.9968178	14798.4018903	35981.0051512	98357.4134845	40742.4840648	36799.7174528	33343.7134845	66645.0468178	43489.2745956	30629.4994854	18558.2357067	38152.6317385	19247.9082464	12834.9437875
RNA	1328870.00073	3569.33406486	1261588.04835	875707.553399	1297228.58485	3134.00073153	1295818.6145	1283405.93621	1334269.38828	911970.353086	1152244.00073	1667970.43495	1269152.18417	463.056287084	1425419.1674	1442628.44451	1264897.90351	1696.83406486	1225099.88962	1053563.77287	1127783.33406	2249012.74291	1526000.97642	1718720.77512	1380667.5293	1460564.13332	1334270.05073	1096891.88673	1125334.79636	2744.83406486	1413038.47298	1369176.82612	1165470.02776	1684865.49985	1007405.19179	1948135.88323	1402525.52346	2062.00073153	1412194.38243	2824241.48954	1347474.31087	2123.57765461	1178275.63184	1688305.14763	984618.413787	2415.83896682	1456849.35971	1486724.4174	1482265.33406	1836.00073153	1307803.85293	1857118.59105
ERV1?	889.606472662	473.442377737	790.620250142	2553.10817285	923.061018116	399.276840661	758.502194587	1814.76789507	915.650546235	1535.15593747	808.919748275	1406.59860603	839.595177043	386.526028751	857.46052792	1705.14573526	943.502194587	352.347381193	1054.14847118	1093.62768478	1112.46027539	1910.66377383	1541.63985195	2011.66736732	937.002194587	1956.8747874	1277.2970321	1750.17264913	781.64177792	374.366001991	1131.76453225	1337.73098247	1212.50219459	2764.50984642	1367.70362061	1764.21103175	1128.00219459	405.452907018	1454.5932877	1502.58552792	904.502194587	429.522253296	1343.05219459	1500.66565613	1183.08015561	345.932650936	1342.06886125	2134.72347118	998.271361253	539.729384889	1205.7509406	1194.29219459
tRNA-RTE	15317.9347593	8512.66511061	12620.2229988	22468.1252191	13813.6839187	8693.71556237	13069.8840362	21258.9834155	16454.4558903	23836.1692461	17093.5007315	18509.5039521	14175.8013268	6200.61804482	13415.8522467	22106.2300409	15071.9684367	7113.18445376	13789.8603807	13605.5602553	15755.8432385	23883.8344617	19398.8341277	21471.7084261	16134.6067884	23474.6692305	13828.5149351	20271.5836896	12802.3668945	7651.37140518	18763.0113637	19435.5840649	15657.1284713	34884.9933071	14534.2585019	22226.4596929	15517.8623516	9019.09371399	17938.5467685	18058.4240649	13911.10034	9919.92822769	15368.7715649	19113.407232	16772.0445818	7971.59104495	15318.8960889	19330.085612	16994.7361628	9348.09855762	14389.8340649	17029.844188
Penelope	2740.00073153	1474.83406486	2213.37573153	3632.74753357	2558.77454105	1611.50073153	2526.70585973	3832.50073153	2754.22149176	4139.25073153	2732.25073153	3157.94802498	2581.50073153	1190.33406486	2463.14358867	3549.42497395	2621.79618607	1397.00073153	2398.69680996	2454.11263629	2679.83406486	4295.69680996	3306.1673982	3830.00073153	2809.4173982	4270.02637255	2848.50073153	3200.4173982	2169.25073153	1576.4173982	3058.33406486	3374.77775856	2771.03103456	5660.33406486	2726.50073153	3930.05514329	2815.24859478	1618.00073153	3269.8862039	3421.82573153	2548.9173982	1848.35073153	2667.49432127	3332.33406486	2665.08406486	1369.80073153	2906.08406486	3363.02930296	2884.26347663	1610.50073153	2642.33406486	3129.50073153
Helitron	1522.09597333	573.087190504	1163.05372175	4891.63740977	1369.95494069	651.567206327	1042.2764043	3232.28546064	1421.13898847	2496.46390321	1500.00037548	2673.46545378	1382.87993913	511.332242423	1359.87842352	3062.8631754	1396.00947404	567.879129796	1443.71219352	1776.39616449	1602.31483308	3100.18630285	2183.53561172	3483.577233	1478.41043647	3241.54764196	1644.95901937	2970.74344118	1257.7574926	707.624398762	1784.44148693	2439.43133359	1698.97815696	4885.93661468	1781.63005023	3183.59764485	1667.7274419	723.038716241	1880.09288831	3078.94012217	1375.97584521	648.095394044	1726.84947809	2620.81480436	1709.14595188	895.904415209	1767.6158434	4210.14806096	1571.50547871	722.201526876	1218.29803264	2719.57560355
ERV1	258972.900737	185319.112462	212615.793387	595546.657203	245863.395909	170138.472092	201455.589974	436146.379539	277375.885631	494509.294147	257098.951145	344937.807514	224492.337138	168779.107146	223616.148963	420912.470048	253416.850861	206802.227181	244749.456802	258516.326809	279132.558436	548321.553596	345347.284562	461030.409689	264060.749	519072.560116	263706.657401	402278.320856	222536.786992	211057.235107	304035.479546	361719.606685	269738.412218	695078.550277	272999.688315	443869.814643	280677.629788	191231.097372	317873.00221	360024.181306	239566.26238	266336.937987	284178.041471	378875.955534	299575.382059	205884.227497	298119.6283	493057.595247	282996.392437	202575.914223	244035.680436	355583.525747
hAT-Tag1	25356.3171529	13540.4984667	20878.3465575	15394.0762449	23931.8453002	12906.0316428	23100.3363716	19543.7050892	24609.1708482	30074.3710279	19067.1182993	13805.0021971	25367.5193107	9012.7792239	16926.7120887	15112.0492607	25278.0068992	10086.9879732	16323.475844	13111.7520858	24762.6075292	36751.4398494	28098.1975938	15470.5349591	26215.4529421	26826.2319824	18194.6577377	14389.3417922	21249.0295731	11253.32667	23502.6608077	17261.0718367	26260.3852017	40988.1319062	23525.7244737	21155.444125	25206.2214581	11617.9733662	27724.7839923	13308.4898679	24055.6864994	14153.9292437	19823.5621733	18500.2297148	24604.1082862	9461.44458446	24801.0310847	13809.9820302	27082.1191662	11677.378887	22933.6612644	11635.0603414
TcMar?	43.0014630578	15.0014630578	28.0014630578	139.001463058	77.0014630578	16.0014630578	29.0014630578	92.0014630578	33.0014630578	101.001463058	27.0014630578	74.0014630578	71.0014630578	17.0014630578	21.0014630578	99.0014630578	75.0014630578	20.0014630578	31.0014630578	58.0014630578	92.0014630578	99.0014630578	67.0014630578	129.001463058	62.0014630578	99.0014630578	48.0014630578	141.001463058	46.0014630578	4.00146305779	63.0014630578	84.0014630578	91.0014630578	173.001463058	64.0014630578	80.0014630578	73.0014630578	12.0014630578	60.0014630578	94.0014630578	48.0014630578	12.0014630578	35.0014630578	83.0014630578	83.0014630578	8.00146305779	44.0014630578	165.001463058	63.0014630578	19.0014630578	57.0014630578	52.0014630578
Alu	2491983.25754	1228366.89433	2022341.73918	4187569.83598	2339748.98611	1220209.41844	2053951.47233	3211564.45193	2487617.82584	3703782.57613	2452856.66367	2830962.87264	2195725.86763	886990.907173	2093733.12943	3233741.34188	2343735.06745	1038491.53596	2338122.89561	2026296.80139	2332660.77292	4003266.99984	3150978.64427	3594052.5181	2368886.47651	3720488.56351	2483988.61404	3295193.78809	1992372.59944	1209658.61862	2784135.38593	2964055.90805	2326302.66467	5256051.8898	2494704.83992	3576029.53765	2437086.60302	1217880.20884	3020146.75336	3312239.35933	2061972.40824	1331026.77128	2669041.18678	3000793.64928	2404635.58475	1347526.21306	2881130.89576	3558575.15346	2636825.72009	1304521.51306	2374436.20274	3044495.84662
hAT	6858.00961932	4100.31633255	5783.83962601	14627.3542091	6337.45581833	4017.29536978	5416.215452	11086.7248605	7255.02982005	12038.7412786	6586.75857667	8998.933361	5890.44913575	3208.6289016	6258.06769792	11267.6389017	6607.92257019	3635.64066375	6746.05044186	6997.86361543	7196.7342302	12026.2923775	9050.0339253	12390.2297133	6725.82466549	12488.7252335	7078.58858665	10444.2717485	5414.08783791	3818.12190108	8059.10115559	9542.79656116	7178.35824979	17566.8515831	7391.14678522	11364.4343872	7607.53263147	3865.66161785	8695.32540245	9563.13379111	6176.92281029	4541.04923121	7888.38349695	9811.90763725	7669.56165062	4183.04085707	7849.98901154	12915.466504	7081.8283582	4752.3117247	6374.90850621	10662.0404428
LTR?	10254.6030916	5188.90210444	8708.97717811	22628.5288896	9855.50439059	5101.583304	8689.31429487	17663.1183998	11102.4409868	16647.8564344	10664.2122152	14378.4348564	9032.45977786	3979.5043298	9728.02066425	16714.1208067	10058.9225273	4409.02723445	9756.56518084	10548.4355211	11269.1468847	18868.8106272	13858.0660935	17911.7228592	10646.0631536	18793.1372939	11079.8999049	16190.2429035	8579.0779498	4655.68949235	12320.2125566	14261.7884367	11257.7825021	27108.1731958	11528.9332959	17755.1255248	11539.1871055	5089.17437806	13554.3335159	15581.4332022	9842.53483322	5844.49846826	11753.8853357	14948.1674273	11895.1261318	5452.58039937	12066.255259	19989.5128619	11287.4724444	5618.05277565	9929.90816702	14381.3269357
